City_ID,City,Lat,Lng,Max Temp,Humidity,Cloudiness,Wind Speed,Country,Date
0,setif,36.1911,5.4137,11.45,47,0,1.54,DZ,1697090108
1,zouerate,22.7187,-12.4521,24.92,16,30,3.63,MR,1697090108
2,port mathurin,-19.6833,63.4167,23.76,76,46,5.12,MU,1697090108
3,baijiantan,45.6333,85.1833,24.0,25,2,3.81,CN,1697090109
4,ust-nera,64.5667,143.2,-7.1,92,100,1.34,RU,1697090109
5,port-aux-francais,-49.35,70.2167,2.03,100,100,6.15,TF,1697090109
6,ushuaia,-54.8,-68.3,5.81,75,0,10.29,AR,1697090026
7,wailua homesteads,22.0669,-159.378,25.44,79,40,7.2,US,1697090109
8,iskateley,67.6803,53.1512,1.12,76,10,4.02,RU,1697090110
9,puerto ayora,-0.7393,-90.3518,24.19,93,100,2.68,EC,1697090110
10,akureyri,65.6835,-18.0878,-0.04,86,100,4.63,IS,1697090110
11,taroudant,30.4703,-8.877,25.14,22,0,4.55,MA,1697090110
12,qaqortoq,60.7167,-46.0333,2.04,91,46,3.87,GL,1697090110
13,talnakh,69.4865,88.3972,0.67,93,98,1.24,RU,1697090111
14,kodiak,57.79,-152.4072,1.73,55,0,3.6,US,1697090111
15,arinos,-15.9169,-46.1056,25.04,49,9,1.01,BR,1697090111
16,yellowknife,62.456,-114.3525,8.56,100,100,2.57,CA,1697089929
17,nkowakowa,-23.8878,30.2871,29.19,28,20,1.48,ZA,1697090111
18,bredasdorp,-34.5322,20.0403,16.17,83,80,4.76,ZA,1697090112
19,port moresby,-9.4431,147.1797,27.68,89,40,5.14,PG,1697089924
20,edinburgh of the seven seas,-37.0676,-12.3116,13.58,74,53,9.57,SH,1697090112
21,bethel,41.3712,-73.414,12.1,86,0,0.0,US,1697090112
22,parkes,-33.1333,148.1833,21.86,46,38,2.68,AU,1697090112
23,nabire,-3.3667,135.4833,29.58,68,100,2.55,ID,1697089921
24,puerto baquerizo moreno,-0.9,-89.6,23.9,81,95,6.17,EC,1697090113
25,mirny,62.5353,113.9611,7.94,92,100,4.6,RU,1697090113
26,salekhard,66.53,66.6019,1.84,78,96,2.07,RU,1697090113
27,bangassou,4.7413,22.8184,21.81,97,100,0.37,CF,1697090113
28,salinopolis,-0.6136,-47.3561,26.47,81,2,3.72,BR,1697090113
29,kavieng,-2.5744,150.7967,29.02,72,81,2.62,PG,1697090114
30,douz,33.4663,9.0203,19.07,77,0,3.25,TN,1697090114
31,waitangi,-43.9535,-176.5597,10.46,77,27,5.36,NZ,1697090029
32,albany,42.6001,-73.9662,11.36,83,95,1.06,US,1697090114
33,tiksi,71.6872,128.8694,-4.81,77,100,6.0,RU,1697090114
34,puerto natales,-51.7236,-72.4875,3.04,95,84,3.76,CL,1697090115
35,tandil,-37.3217,-59.1332,-1.29,83,0,2.22,AR,1697090115
36,longyearbyen,78.2186,15.6401,-3.09,59,75,5.14,SJ,1697090115
37,suntar,62.1444,117.6319,7.3,72,100,3.13,RU,1697090115
38,mount gambier,-37.8333,140.7667,14.45,58,12,6.23,AU,1697089877
39,blackmans bay,-43.0167,147.3167,18.07,76,98,2.77,AU,1697090115
40,sungailiat,-1.85,106.1333,30.88,59,54,5.68,ID,1697090116
41,gamba,-2.65,10.0,24.74,91,100,1.63,GA,1697090116
42,daru,-9.0763,143.2092,25.29,94,100,6.07,PG,1697090116
43,can-avid,11.9953,125.4472,29.41,71,90,3.57,PH,1697090116
44,constantia,44.1833,28.65,12.61,63,6,4.59,RO,1697090029
45,porto novo,6.4965,2.6036,24.86,89,93,1.24,BJ,1697089882
46,holualoa,19.6228,-155.9522,24.91,84,75,3.09,US,1697090117
47,adamstown,-25.066,-130.1015,20.41,75,5,5.57,PN,1697090117
48,ribeira grande,38.5167,-28.7,19.87,88,33,2.68,PT,1697090117
49,georgetown,5.4112,100.3354,31.96,79,40,5.14,MY,1697090117
50,anadyr,64.75,177.4833,0.28,100,100,18.0,RU,1697090118
51,batu pahat,1.8548,102.9325,31.45,60,61,3.61,MY,1697090118
52,stanley,54.868,-1.6985,3.2,100,0,1.54,GB,1697089855
53,itoman,26.1247,127.6694,29.43,54,40,8.23,JP,1697090118
54,banda aceh,5.5577,95.3222,28.48,74,100,2.77,ID,1697089825
55,bilibino,68.0546,166.4372,-6.69,87,100,2.46,RU,1697090119
56,rikaze,29.25,88.8833,9.7,41,98,2.13,CN,1697090119
57,mandera,3.9366,41.867,28.96,54,78,4.37,KE,1697090119
58,cabo san lucas,22.8909,-109.9124,27.09,81,0,4.92,MX,1697089712
59,eufaula,31.8913,-85.1455,16.02,92,100,3.09,US,1697090119
60,nyurba,63.2842,118.3319,5.62,54,100,5.36,RU,1697090119
61,juan griego,11.0817,-63.9655,28.07,94,6,5.66,VE,1697090072
62,liuduzhai,27.3661,110.935,22.34,57,89,2.07,CN,1697090120
63,isafjordur,66.0755,-23.124,1.73,91,100,18.39,IS,1697090120
64,qamdo,31.1667,97.2333,2.98,67,98,2.68,CN,1697090120
65,vorgashor,67.5833,63.95,0.53,77,96,2.12,RU,1697090120
66,tolanaro,-25.0319,46.9987,22.04,94,100,4.63,MG,1697090121
67,tazovsky,67.4667,78.7,1.74,97,100,3.28,RU,1697090121
68,queenstown,-31.8976,26.8753,17.26,58,100,5.38,ZA,1697090121
69,nemuro,43.3236,145.575,14.98,64,0,4.63,JP,1697090037
70,santa marta,11.2408,-74.199,29.38,75,72,1.79,CO,1697089981
71,hlybokaye,55.1382,27.6879,12.83,90,100,6.67,BY,1697090121
72,peruibe,-24.32,-46.9983,20.06,95,69,3.07,BR,1697090122
73,aras-asan,8.8908,126.3033,29.32,74,60,2.9,PH,1697090122
74,ende,-8.8432,121.6623,30.72,59,78,2.33,ID,1697090122
75,salalah,17.0151,54.0924,29.05,61,0,1.54,OM,1697090122
76,presidente medici,-11.1753,-61.9014,24.63,78,82,0.57,BR,1697090122
77,o barco de valdeorras,42.4164,-6.9901,19.61,45,28,1.18,ES,1697090123
78,sola,-13.8833,167.55,25.47,82,100,10.23,VU,1697090108
79,port lincoln,-34.7333,135.8667,16.21,59,8,7.43,AU,1697090038
80,nar'yan-mar,67.6713,53.087,1.17,76,10,4.02,RU,1697090123
81,mount isa,-20.7333,139.5,34.87,17,91,3.6,AU,1697090123
82,huarmey,-10.0681,-78.1522,18.93,87,92,4.76,PE,1697090123
83,grytviken,-54.2811,-36.5092,-4.5,66,16,0.58,GS,1697090124
84,piti village,13.4626,144.6933,29.49,80,40,5.66,GU,1697090124
85,wuyang,31.9925,116.2472,23.76,47,47,2.8,CN,1697090124
86,khandyga,62.6667,135.6,0.26,95,100,1.83,RU,1697090124
87,iqaluit,63.7506,-68.5145,-1.15,86,20,3.6,CA,1697090124
88,luderitz,-26.6481,15.1594,15.03,69,51,3.99,NA,1697090124
89,hasaki,35.7333,140.8333,22.22,57,46,4.84,JP,1697090125
90,sitka,57.0531,-135.33,7.94,76,20,3.09,US,1697090125
91,thompson,55.7435,-97.8558,7.09,70,75,2.06,CA,1697090021
92,ishigaki,24.3448,124.1572,29.07,65,40,6.17,JP,1697090125
93,enewetak,11.3474,162.3373,28.81,73,38,6.19,MH,1697090079
94,swabi,34.1199,72.4699,29.79,24,0,1.52,PK,1697090126
95,whitehorse,60.7161,-135.0538,2.67,80,0,3.09,CA,1697090123
96,udachny,66.4167,112.4,1.92,74,98,4.87,RU,1697090126
97,hermanus,-34.4187,19.2345,15.25,87,97,4.05,ZA,1697090126
98,saipan,15.1355,145.701,29.39,89,100,7.2,MP,1697090126
99,sorong,-0.8833,131.25,29.17,72,95,3.04,ID,1697090127
100,college,64.8569,-147.8028,-4.01,86,75,1.54,US,1697090022
101,avarua,-21.2078,-159.775,23.03,78,40,4.12,CK,1697090127
102,papatowai,-46.5619,169.4708,11.76,75,66,6.46,NZ,1697090027
103,tambau,-21.705,-47.2744,23.44,63,61,1.12,BR,1697090127
104,afaahiti,-17.75,-149.2833,25.93,82,23,6.77,PF,1697090127
105,palikir - national government center,6.9248,158.1611,26.47,94,100,1.54,FM,1697090128
106,nagqu,31.5,92.0,4.45,22,100,5.9,CN,1697090128
107,geraldton,-28.7667,114.6,31.23,20,47,9.77,AU,1697090128
108,bel ombre,-4.6167,55.4167,28.91,79,20,4.12,SC,1697090128
109,kavaratti,10.5669,72.642,28.07,72,100,1.94,IN,1697090128
110,perry,37.2506,-83.1999,14.4,81,100,1.33,US,1697089851
111,vernon,50.2581,-119.2691,9.86,79,100,1.03,CA,1697090129
112,lodja,-3.4833,23.4333,24.69,76,99,0.97,CD,1697090129
113,hadibu,12.65,54.0333,27.85,77,55,2.27,YE,1697090129
114,arkalyk,50.2486,66.9114,7.93,46,60,4.6,KZ,1697090129
115,svyetlahorsk,52.6329,29.7389,13.79,75,100,8.25,BY,1697090129
116,keflavik,64.0049,-22.5624,3.24,93,100,10.8,IS,1697090130
117,mahibadhoo,3.7833,72.9667,27.71,73,95,3.62,MV,1697090130
118,st. john's,47.5649,-52.7093,12.76,98,100,2.06,CA,1697089885
119,ararangua,-28.9347,-49.4858,16.19,96,100,4.62,BR,1697090130
120,codrington,-38.2667,141.9667,13.85,61,60,9.59,AU,1697090073
121,fukuecho,32.6881,128.8419,23.2,49,20,7.2,JP,1697090130
122,kittila,67.6647,24.8936,-0.92,86,100,8.23,FI,1697090131
123,pusad,19.9,77.5833,31.97,42,14,2.08,IN,1697090131
124,kapuskasing,49.4169,-82.4331,4.0,93,75,3.6,CA,1697090131
125,kruisfontein,-34.0033,24.7314,17.2,83,86,2.89,ZA,1697090057
126,badger,64.8,-147.5333,-4.05,89,75,1.54,US,1697090131
127,bang saphan,11.2126,99.5117,29.59,69,95,4.13,TH,1697090132
128,dolinsk,47.35,142.8,13.18,53,34,4.17,RU,1697090132
129,lerwick,60.1545,-1.1494,8.0,63,72,8.0,GB,1697090132
130,viedma,-40.8135,-62.9967,4.85,67,0,4.56,AR,1697090044
131,flying fish cove,-10.4217,105.6791,28.82,74,40,6.17,CX,1697090132
132,lisala,2.15,21.5167,21.94,92,100,0.45,CD,1697090133
133,coalinga,36.1397,-120.3602,15.14,45,0,2.71,US,1697090133
134,ad dabbah,18.05,30.95,31.56,19,45,7.23,SD,1697090133
135,belyy yar,53.6039,91.3903,18.94,45,0,2.0,RU,1697090133
136,hithadhoo,-0.6,73.0833,27.5,69,10,6.29,MV,1697090087
137,lihue,21.9789,-159.3672,25.77,78,40,7.2,US,1697090134
138,santa terezinha,-29.9002,-50.0904,16.51,95,100,7.02,BR,1697090134
139,jwaneng,-24.6004,24.7303,20.78,53,100,4.04,BW,1697090134
140,kenai,60.5544,-151.2583,3.41,74,100,2.06,US,1697090097
141,zakamensk,50.3741,103.2863,14.65,38,4,1.31,RU,1697090135
142,magadan,59.5667,150.8,-0.26,74,55,4.02,RU,1697090135
143,krasnyy chikoy,50.3643,108.7512,14.02,45,0,1.79,RU,1697090135
144,international falls,48.6011,-93.411,7.24,79,0,2.06,US,1697089996
145,kidal,18.4411,1.4078,27.08,16,9,4.29,ML,1697090136
146,tynda,55.1667,124.7167,13.78,50,59,3.19,RU,1697090136
147,drayton valley,53.2168,-114.9854,7.89,89,100,4.38,CA,1697090136
148,utrik,11.2278,169.8474,28.23,78,94,5.01,MH,1697090136
149,tidjikja,18.5564,-11.4271,28.62,41,82,4.09,MR,1697090136
150,piacabucu,-10.4056,-36.4344,22.99,86,76,2.82,BR,1697090137
151,tura,25.5198,90.2201,28.51,67,3,1.89,IN,1697090137
152,san agustin de valle fertil,-30.6335,-67.4682,8.07,53,3,1.58,AR,1697090137
153,mount pearl,47.5166,-52.7813,12.3,97,100,2.06,CA,1697090137
154,chernyshevskiy,63.0128,112.4714,1.76,97,100,3.14,RU,1697090116
155,hawaiian paradise park,19.5933,-154.9731,23.91,92,100,2.06,US,1697090137
156,conduaga,8.862,117.4893,29.44,73,100,2.71,PH,1697090138
157,kalemie,-5.9475,29.1947,25.42,65,78,2.66,CD,1697090138
158,huanren,41.2647,125.3667,19.55,37,32,1.02,CN,1697090138
159,tomesti,47.1167,27.6833,12.67,77,0,3.6,RO,1697090138
160,callao,-12.0667,-77.15,18.73,82,100,2.06,PE,1697090138
161,remire-montjoly,4.9167,-52.2667,25.02,88,0,1.03,GF,1697090139
162,roswell,34.0232,-84.3616,15.88,95,100,4.63,US,1697090139
163,kingsville,27.5159,-97.8561,22.17,94,20,2.06,US,1697089908
164,bandon,51.7469,-8.7425,9.77,91,100,0.96,IE,1697090139
165,malmberget,67.1753,20.6549,-2.69,100,100,5.66,SE,1697090140
166,port douglas,-16.4833,145.4667,24.74,67,67,6.81,AU,1697090140
167,muriti,-1.9833,32.9167,24.2,61,95,4.03,TZ,1697090140
168,punta arenas,-53.15,-70.9167,6.06,81,75,10.29,CL,1697090109
169,bokkos,9.3,9.0,19.31,77,95,1.7,NG,1697090140
170,machico,32.7,-16.7667,29.35,21,20,7.2,PT,1697090140
171,changling,44.2653,124.0005,21.69,26,0,2.82,CN,1697090141
172,fort bragg,35.139,-79.006,17.17,92,20,2.06,US,1697090141
173,illizi,26.4833,8.4667,19.89,29,49,6.16,DZ,1697090141
174,turzovka,49.4043,18.6226,13.41,100,100,0.51,SK,1697090141
175,fale old settlement,-9.3852,-171.2468,28.73,78,15,7.18,TK,1697090083
176,sisimiut,66.9395,-53.6735,-2.2,74,84,4.16,GL,1697090142
177,invercargill,-46.4,168.35,12.79,83,91,5.36,NZ,1697090142
178,antsohihy,-14.8796,47.9875,32.08,41,32,2.04,MG,1697090142
179,tabou,4.423,-7.3528,24.74,91,100,1.97,CI,1697090142
180,labrador city,52.9463,-66.9114,6.95,100,100,1.54,CA,1697090142
181,thunder bay,48.4001,-89.3168,6.99,93,100,0.51,CA,1697090012
182,lucapa,-8.4192,20.7447,22.97,73,84,0.76,AO,1697090143
183,aral,40.5156,81.2636,23.75,18,0,2.05,CN,1697090143
184,yutz,49.3587,6.1892,16.64,83,100,3.02,FR,1697090143
185,mancio lima,-7.6142,-72.8958,26.04,89,0,0.51,BR,1697090143
186,dudinka,69.4058,86.1778,1.49,93,97,6.71,RU,1697090080
187,dean funes,-30.4204,-64.3498,6.59,43,2,5.09,AR,1697090143
188,coos bay,43.3665,-124.2179,13.85,94,100,2.57,US,1697090052
189,sinabang,2.4803,96.3801,27.15,81,100,2.08,ID,1697090144
190,balkanabat,39.5108,54.3671,14.86,49,100,6.9,TM,1697090144
191,west island,-12.1568,96.8225,27.99,74,75,7.2,CC,1697090144
192,port blair,11.6667,92.75,30.02,79,40,2.57,IN,1697090144
193,peace river,56.2501,-117.286,8.17,100,40,0.0,CA,1697089874
194,belmonte,-15.8631,-38.8828,22.15,84,34,1.36,BR,1697090145
195,petropavlovsk-kamchatsky,53.0452,158.6483,3.03,73,100,7.0,RU,1697090145
196,berezovo,63.9381,65.0419,-0.02,84,98,0.89,RU,1697090145
197,komsomol'skiy,43.9783,46.6985,8.1,49,0,2.25,RU,1697090145
198,rawson,-43.3002,-65.1023,10.15,40,2,5.68,AR,1697089848
199,margaret river,-33.95,115.0667,20.36,47,0,4.25,AU,1697090042
200,saint-pierre,-21.3393,55.4781,26.98,69,81,4.63,RE,1697090132
201,lukolela,-1.0605,17.1821,23.89,83,38,0.38,CD,1697090146
202,jamestown,42.097,-79.2353,9.77,100,0,1.54,US,1697090146
203,northam,51.0333,-4.2167,16.25,99,100,0.63,GB,1697090146
204,tarauaca,-8.1614,-70.7656,25.04,71,62,1.12,BR,1697090146
205,port alfred,-33.5906,26.891,18.99,95,100,0.89,ZA,1697090147
206,urengoy,65.9667,78.3667,3.95,92,100,9.39,RU,1697090147
207,kenora,49.8167,-94.4337,6.54,93,40,2.06,CA,1697090147
208,aksaray,38.3726,34.0254,11.28,62,1,3.11,TR,1697090147
209,zaragoza,41.6561,-0.8773,16.12,53,0,2.06,ES,1697090147
210,olonkinbyen,70.9221,-8.7187,1.58,70,100,11.01,SJ,1697090147
211,ilulissat,69.2167,-51.1,-2.99,68,100,2.06,GL,1697090029
212,chonchi,-42.6128,-73.8092,6.73,74,92,2.9,CL,1697090066
213,fuding,27.3273,120.214,25.78,51,64,2.16,CN,1697090148
214,port saint john's,-31.6229,29.5448,21.25,83,100,0.91,ZA,1697090148
215,vorkuta,67.5,64.0,0.42,80,88,2.24,RU,1697090148
216,gadzhiyevo,69.2551,33.3362,2.27,97,99,13.33,RU,1697090148
217,hamar,60.7945,11.068,5.04,70,16,3.54,NO,1697090149
218,port elizabeth,-33.918,25.5701,18.51,97,40,1.03,ZA,1697090149
219,horta,38.5333,-28.6333,19.45,88,45,2.68,PT,1697090149
220,mulgund,15.25,75.5333,28.8,50,100,4.63,IN,1697090149
221,al kharijah,25.4514,30.5464,24.57,41,0,5.92,EG,1697090150
222,floro,61.5996,5.0328,7.98,81,40,13.89,NO,1697090150
223,nizhneangarsk,55.7833,109.55,6.67,81,43,0.45,RU,1697090150
224,nishinoomote,30.7333,131.0,23.31,68,40,4.63,JP,1697090150
225,tofol,5.3248,163.0078,29.02,70,98,2.27,FM,1697090150
226,howard springs,-12.497,131.047,33.79,32,47,4.27,AU,1697090151
227,moose jaw,50.4001,-105.5344,6.14,87,29,6.69,CA,1697090151
228,dos palos,36.9861,-120.6266,16.26,49,0,3.92,US,1697090151
229,salinas,36.6777,-121.6555,15.34,81,0,4.12,US,1697090133
230,santa vitoria do palmar,-33.5189,-53.3681,7.68,67,73,4.86,BR,1697090151
231,sumbawa besar,-8.5,117.4333,34.32,39,48,4.08,ID,1697090152
232,ad dilam,23.9915,47.1627,31.23,10,0,2.26,SA,1697090152
233,vadso,70.0744,29.7487,2.49,87,75,10.8,NO,1697090152
234,greymouth,-42.4667,171.2,11.81,90,49,2.62,NZ,1697090088
235,la sarre,48.8002,-79.1996,4.44,95,100,2.73,CA,1697089953
236,revda,56.801,59.9303,2.62,84,100,4.96,RU,1697090152
237,joal-fadiout,14.1667,-16.8333,27.94,80,97,2.49,SN,1697090153
238,new haven,41.4001,-72.9329,11.63,89,0,0.0,US,1697090033
239,puerto ayacucho,5.6639,-67.6236,24.09,91,46,1.44,VE,1697090153
240,kempsey,-31.0833,152.8333,24.97,62,1,1.34,AU,1697090153
241,sovetskaya gavan',48.9723,140.2878,16.17,41,36,2.04,RU,1697090153
242,ancud,-41.8697,-73.8203,4.72,86,22,2.68,CL,1697090154
243,aasiaat,68.7098,-52.8699,-8.49,94,100,5.19,GL,1697090154
244,arawa,-6.2132,155.5367,28.91,79,51,0.78,PG,1697090154
245,al ghayzah,16.2079,52.176,28.13,61,1,2.55,YE,1697090154
246,kuzhener,56.8111,48.9128,2.98,64,100,10.11,RU,1697090154
247,griffith,41.5284,-87.4237,12.28,93,100,2.57,US,1697090154
248,techiman,7.5862,-1.9414,21.01,99,80,2.11,GH,1697090155
249,bullsbrook,-31.6667,116.0,26.64,29,0,6.17,AU,1697090155
250,mar del plata,-38.0023,-57.5575,5.61,82,20,1.54,AR,1697089930
251,pagar alam,-4.0167,103.2667,30.39,43,47,1.81,ID,1697090155
252,broome,42.2506,-75.833,9.36,87,0,1.54,US,1697090155
253,kuchaiburi,22.2667,86.1667,30.87,56,1,2.01,IN,1697090156
254,tibu,8.639,-72.7358,23.32,98,65,0.82,CO,1697090156
255,atafu village,-8.5421,-172.5159,28.19,76,83,6.53,TK,1697090156
256,qarazhal,48.0078,70.7903,7.17,65,100,5.19,KZ,1697090156
257,egilsstadir,65.2653,-14.3948,-0.05,86,100,6.17,IS,1697090124
258,hilo,19.7297,-155.09,24.03,92,100,2.06,US,1697090156
259,zyrya,40.3661,50.2917,13.05,52,99,13.96,AZ,1697090157
260,vilyuysk,63.7553,121.6247,6.2,60,88,5.81,RU,1697090157
261,sakakah,29.9697,40.2064,23.76,34,35,2.6,SA,1697090157
262,katghora,22.5,82.55,33.69,37,5,0.79,IN,1697090157
263,broken hill,-31.95,141.4333,21.6,19,0,12.05,AU,1697090158
264,belomorsk,64.5232,34.7668,7.08,72,69,7.23,RU,1697090158
265,goure,13.9835,10.2704,28.68,27,40,5.71,NE,1697090158
266,new norfolk,-42.7826,147.0587,18.72,79,94,2.18,AU,1697090158
267,ugoofaaru,5.6667,73.0,25.11,89,99,2.53,MV,1697090158
268,xining,36.6167,101.7667,5.3,96,100,1.44,CN,1697090158
269,altai,46.3722,96.2583,9.95,31,0,3.42,MN,1697090159
270,jabor,5.921,169.6434,29.22,67,77,0.95,MH,1697090159
271,somotillo,13.0433,-86.9064,24.76,95,100,0.41,NI,1697090159
272,bayanhongor,46.7167,100.1167,8.0,42,0,2.37,MN,1697090159
273,minas de marcona,-15.2119,-75.1103,13.17,88,98,5.77,PE,1697090159
274,shenjiamen,29.9576,122.298,21.51,77,31,3.77,CN,1697090160
275,mahenge,-8.6833,36.7167,23.03,53,57,1.74,TZ,1697090160
276,arno,60.1167,18.6333,8.77,62,24,8.64,SE,1697090049
277,ravar,31.2656,56.8055,28.71,18,1,1.29,IR,1697090160
278,san patricio,28.017,-97.5169,23.24,94,11,2.57,US,1697090160
279,punaauia,-17.6333,-149.6,26.8,74,20,2.57,PF,1697090160
280,touros,-5.1989,-35.4608,24.92,82,26,6.2,BR,1697090161
281,al jadid,27.05,14.4,20.89,45,2,3.77,LY,1697090161
282,prineville,44.2999,-120.8345,9.51,91,40,0.0,US,1697090161
283,vilyuchinsk,52.9306,158.4028,3.85,95,100,3.46,RU,1697090161
284,kununurra,-15.7667,128.7333,36.99,32,75,2.57,AU,1697089864
285,klerksdorp,-26.8521,26.6667,17.86,62,100,4.12,ZA,1697090162
286,orchard homes,46.8633,-114.0484,7.55,85,0,2.57,US,1697090162
287,jinghong,21.991,100.7341,29.08,61,79,2.1,CN,1697090162
288,zag,46.9441,99.165,9.76,38,0,1.98,MN,1697090162
289,plottier,-38.9667,-68.2333,8.95,66,0,0.0,AR,1697090162
290,puerto deseado,-47.7503,-65.8938,6.23,68,68,6.0,AR,1697090095
291,obo,5.3998,26.4869,22.98,83,100,0.82,CF,1697090163
292,naberera,-4.2,36.9333,20.33,57,93,2.99,TZ,1697090163
293,xinyuan,37.3,99.0,0.92,88,98,3.11,CN,1697090163
294,andovoranto,-18.95,49.1,26.42,61,94,2.42,MG,1697090163
295,horsham,51.064,-0.3272,18.02,89,75,2.57,GB,1697090163
296,usevia,-7.1,31.2333,28.1,35,100,2.44,TZ,1697090164
297,klyuchi,52.2667,79.1667,10.08,48,100,0.61,RU,1697090164
298,tingi,-11.3,35.0333,24.93,40,100,2.17,TZ,1697090164
299,nogliki,51.8333,143.1667,11.86,58,71,6.26,RU,1697090164
300,aykhal,66.0,111.5,1.71,71,100,11.62,RU,1697090164
301,mandalgovi,45.7625,106.2708,13.15,30,30,3.97,MN,1697090081
302,haiku-pauwela,20.9219,-156.3051,25.02,74,20,5.66,US,1697090165
303,pisco,-13.7,-76.2167,18.03,82,69,4.12,PE,1697090076
304,faqirwali,29.4663,73.034,35.87,14,0,3.87,PK,1697090165
305,alice springs,-23.7,133.8833,33.75,11,4,6.17,AU,1697089979
306,inyati,-19.6756,28.8469,26.3,26,0,5.42,ZW,1697090165
307,port pirie,-33.1833,138.0167,17.51,50,1,9.0,AU,1697090166
308,baraboo,43.4711,-89.7443,11.11,80,100,3.6,US,1697090166
309,basoko,1.2391,23.616,23.85,80,99,1.3,CD,1697090166
310,mirnyy,62.5353,113.9611,7.94,92,100,4.6,RU,1697090166
311,darwin,-12.4611,130.8418,33.83,49,40,5.66,AU,1697090166
312,angicos,-5.6656,-36.6011,23.61,75,12,5.67,BR,1697090166
313,buenavista,8.9769,125.4089,29.72,70,84,3.7,PH,1697090167
314,zaozersk,69.4005,32.4476,1.94,97,100,13.75,RU,1697090167
315,ilhabela,-23.7781,-45.3581,23.46,84,57,1.32,BR,1697090146
316,port shepstone,-30.7414,30.455,20.95,84,100,6.24,ZA,1697090167
317,hafar al-batin,28.4328,45.9708,31.32,16,0,5.14,SA,1697090167
318,hamilton,39.1834,-84.5333,13.82,85,75,1.54,US,1697090060
319,inhambane,-23.865,35.3833,25.99,83,40,5.36,MZ,1697090168
320,betong,5.7743,101.0723,29.09,77,71,0.96,TH,1697090168
321,grafton,42.207,-71.6856,11.22,91,100,2.57,US,1697090084
322,redencao,-4.2258,-38.7306,23.43,91,41,1.79,BR,1697090168
323,tsiombe,-25.3,45.4833,24.79,61,93,6.16,MG,1697090071
324,novyy urengoy,66.0833,76.6333,1.55,83,100,2.57,RU,1697090169
325,bubaque,11.2833,-15.8333,27.48,82,97,3.76,GW,1697090043
326,naze,28.3667,129.4833,25.51,60,9,8.04,JP,1697090169
327,usogorsk,63.4106,48.6872,-0.74,85,100,6.01,RU,1697090169
328,williams lake,52.1415,-122.1445,9.76,61,0,1.03,CA,1697089972
329,nova sintra,14.8667,-24.7167,23.95,72,94,6.4,CV,1697090103
330,tindouf,27.6711,-8.1474,19.25,27,0,2.06,DZ,1697090170
331,zhenzhou,32.2692,119.1789,23.4,47,11,2.75,CN,1697090170
332,torghay,49.6339,63.4981,9.76,40,99,4.55,KZ,1697090170
333,vila franca do campo,37.7167,-25.4333,20.23,99,54,4.02,PT,1697090170
334,dunda,-8.1167,34.25,25.38,41,97,1.67,TZ,1697090170
335,lompoc,34.6391,-120.4579,17.66,82,0,12.96,US,1697090171
336,fortuna,40.5982,-124.1573,10.51,95,0,0.0,US,1697090171
337,pitimbu,-7.4706,-34.8086,24.33,84,11,4.05,BR,1697090171
338,pachino,36.7186,15.0907,22.24,60,1,1.08,IT,1697090171
339,plettenberg bay,-34.0527,23.3716,16.48,85,90,3.6,ZA,1697090171
340,karaton,-6.3424,106.1045,32.15,52,80,3.5,ID,1697090172
341,kissidougou,9.1848,-10.0999,20.23,98,100,1.06,GN,1697090172
342,gisborne,-38.6533,178.0042,12.82,68,5,2.39,NZ,1697090172
343,ironwood,46.4547,-90.171,3.19,100,0,0.0,US,1697090172
344,eyl,7.9803,49.8164,29.02,67,61,2.99,SO,1697090172
345,summerville,33.0185,-80.1757,18.32,95,100,2.06,US,1697090173
346,ndele,8.4109,20.6473,23.33,89,99,1.85,CF,1697090173
347,toliara,-23.35,43.6667,29.11,48,79,3.97,MG,1697090173
348,praia da vitoria,38.7333,-27.0667,18.2,94,20,4.0,PT,1697090085
349,gornji vakuf,43.9381,17.5883,14.36,67,4,1.98,BA,1697090173
350,weno,7.4515,151.8468,31.97,70,40,2.57,FM,1697090173
351,grand-lahou,5.1367,-5.0242,24.37,93,95,2.62,CI,1697090174
352,bonny,4.4522,7.1681,25.77,87,100,1.56,NG,1697090174
353,taulaga,-11.0553,-171.0883,28.11,81,20,7.21,AS,1697090174
354,rurrenabaque,-14.4413,-67.5278,25.87,60,58,0.58,BO,1697090174
355,tashla,51.7716,52.7427,5.74,57,22,4.94,RU,1697090174
356,luau,-10.7073,22.2247,24.3,58,79,2.8,AO,1697090174
357,tual,-5.6667,132.75,26.77,82,65,6.77,ID,1697090175
358,polyarnyy,69.1989,33.4478,2.33,97,99,13.29,RU,1697090175
359,dakhla,23.6848,-15.958,22.89,57,0,5.28,EH,1697090175
360,kerikeri,-35.2268,173.9474,14.95,73,8,0.89,NZ,1697090175
361,wad az zaki,14.4619,32.2065,31.22,38,7,4.31,SD,1697090176
362,kirando,-7.4167,30.6,26.84,60,95,2.78,TZ,1697090176
363,kimbe,-5.5502,150.1429,30.03,68,47,2.4,PG,1697090176
364,richards bay,-28.783,32.0377,24.28,72,100,0.21,ZA,1697090176
365,tarfaya,27.9358,-12.9218,21.22,86,83,5.29,MA,1697090176
366,tazacorte,28.629,-17.9293,27.86,27,0,3.58,ES,1697090177
367,amga,60.8953,131.9608,8.88,91,94,4.92,RU,1697090177
368,kolokani,13.5728,-8.0339,23.97,77,91,2.91,ML,1697090177
369,barcelos,41.5388,-8.6151,18.8,49,68,1.74,PT,1697090044
370,qom,34.6401,50.8764,23.85,35,95,6.04,IR,1697090177
371,corinto,37.9407,22.9573,19.94,63,0,3.24,GR,1697090177
372,la passe,45.5549,-0.8967,12.13,68,52,1.94,FR,1697090178
373,yuzhno-kurilsk,44.0306,145.8556,12.99,70,31,1.91,RU,1697090178
374,sechura,-5.5569,-80.8222,19.56,84,50,3.69,PE,1697090178
375,thinadhoo,0.5333,72.9333,27.74,69,64,5.58,MV,1697090178
376,walvis bay,-22.9575,14.5053,13.94,74,0,4.18,NA,1697090178
377,trincomalee,8.5711,81.2335,28.92,72,100,2.85,LK,1697090179
378,slave lake,55.2834,-114.769,5.99,93,0,0.0,CA,1697090179
379,taseyevo,57.2169,94.8978,12.97,61,85,2.24,RU,1697090179
380,madimba,-10.4,40.3333,27.24,67,100,2.47,TZ,1697090179
381,viana do castelo,41.6932,-8.8329,18.34,57,75,2.67,PT,1697090179
382,coquimbo,-29.9533,-71.3436,11.85,87,0,1.54,CL,1697089996
383,changqing,36.5575,116.7272,22.2,41,100,2.69,CN,1697090180
384,zeya,53.75,127.2667,14.71,48,74,2.82,RU,1697090032
385,ebon,4.582,168.6964,29.19,67,16,0.36,MH,1697090180
386,yeraliyev,43.2,51.65,12.17,48,47,11.34,KZ,1697090180
387,pandan,14.0453,124.1694,29.73,70,82,2.59,PH,1697090180
388,palmer,42.1584,-72.3287,11.95,90,100,1.54,US,1697090180
389,dulmen,51.8333,7.3,16.47,87,100,3.05,DE,1697090181
390,el calafate,-50.3408,-72.2768,2.4,69,99,4.75,AR,1697090075
391,east london,-33.0153,27.9116,18.52,100,75,2.06,ZA,1697090181
392,cabedelo,-6.9811,-34.8339,24.37,86,9,4.51,BR,1697090181
393,haninge,59.1678,18.1448,9.84,78,49,3.13,SE,1697090182
394,okrika,4.7416,7.0849,24.96,92,100,1.18,NG,1697090182
395,carbonear,47.7332,-53.2148,13.01,95,100,1.54,CA,1697090182
396,arkhangel'sk,64.5401,40.5433,6.65,95,100,4.02,RU,1697090182
397,talas,38.6908,35.5538,6.37,76,0,2.57,TR,1697090182
398,portland,45.5234,-122.6762,14.99,90,100,2.57,US,1697089699
399,miandrivazo,-19.5167,45.4667,30.86,45,42,0.64,MG,1697090183
400,san antonio de pale,-1.4014,5.6325,25.19,85,100,4.05,GQ,1697090183
401,alo,7.4178,6.7371,24.13,97,100,0.8,NG,1697090183
402,kembe,4.6228,21.8865,21.49,96,100,0.8,CF,1697090183
403,tarko-sale,64.9225,77.785,1.67,83,100,2.24,RU,1697090184
404,whakatane,-37.9585,176.9854,18.06,72,40,2.24,NZ,1697090065
405,bontang,0.1333,117.5,29.43,67,87,5.2,ID,1697090184
406,fonte boa,-2.4959,-66.2662,24.46,84,98,1.31,BR,1697090184
407,taltal,-25.4,-70.4833,16.03,75,68,0.4,CL,1697089821
408,yanchep,-31.55,115.6833,26.68,34,0,4.6,AU,1697090184
409,kurchatov,51.6601,35.6521,7.23,60,94,10.23,RU,1697090185
410,natal,-5.795,-35.2094,25.12,88,40,3.6,BR,1697090185
411,hanceville,34.0607,-86.7675,16.48,95,100,3.31,US,1697090185
412,isiolo,0.3546,37.5822,26.22,39,56,0.93,KE,1697090185
413,manokwari,-0.8667,134.0833,29.17,71,81,4.24,ID,1697090185
414,san juan bautista,-14.0108,-75.7358,20.46,66,57,1.02,PE,1697090185
415,sol'-iletsk,51.1631,54.9918,6.68,52,9,3.73,RU,1697090186
416,bardai,11.65,7.2333,22.72,64,97,1.88,NG,1697090142
417,ta`u,-14.2336,-169.5144,27.32,83,28,7.09,AS,1697090186
418,muravlenko,63.7898,74.523,1.42,99,100,2.32,RU,1697089977
419,brookings,44.3114,-96.7984,10.1,67,0,6.17,US,1697090072
420,santa eularia des riu,38.9846,1.5341,23.27,90,20,1.03,ES,1697090186
421,humaita,-7.5061,-63.0208,25.72,74,76,0.29,BR,1697089918
422,erenhot,43.6475,111.9767,15.83,25,2,3.24,CN,1697090187
423,midvagur,62.0511,-7.1939,4.46,81,100,3.09,FO,1697090187
424,kangding,30.0513,101.9603,12.64,85,88,1.46,CN,1697090187
425,oranjestad,12.524,-70.027,28.97,87,20,7.72,AW,1697090187
426,khurai,24.0436,78.3319,32.0,32,0,2.81,IN,1697090188
427,uzundere,40.5301,41.5584,9.48,65,56,0.55,TR,1697090188
428,mbandaka,0.0487,18.2603,23.77,86,68,0.42,CD,1697090188
429,motygino,58.1831,94.7592,9.17,69,100,6.32,RU,1697090188
430,aleksandrovskoye,44.7142,43.0008,5.91,47,0,6.8,RU,1697090189
431,valley city,46.9233,-98.0032,4.29,100,0,3.6,US,1697090189
432,charters towers,-20.1,146.2667,31.86,21,97,5.61,AU,1697090189
433,san blas,21.5167,-105.2667,24.8,84,1,2.27,MX,1697090189
434,ghat,24.9647,10.1728,21.98,31,17,2.29,LY,1697090189
435,hinigaran,10.2667,122.9,29.55,73,83,3.27,PH,1697090189
436,mizdah,31.4451,12.9801,17.46,77,0,1.96,LY,1697090190
437,christchurch,-43.5333,172.6333,13.28,63,100,6.17,NZ,1697089854
438,gwanda,-20.9333,29.0,28.98,23,1,4.65,ZW,1697090190
439,edd,13.9297,41.6925,34.16,43,1,4.52,ER,1697090190
440,hunxe,51.65,6.7833,16.75,99,100,4.85,DE,1697090190
441,madalena,41.2162,-8.3345,18.03,79,30,1.58,PT,1697090191
442,soldanesti,47.8153,28.7967,11.0,65,21,6.85,MD,1697090191
443,guercif,34.2257,-3.3536,18.15,89,2,1.46,MA,1697090191
444,itaituba,-4.2761,-55.9836,26.72,51,43,1.47,BR,1697090191
445,tvoroyri,61.5556,-6.8111,7.0,68,100,5.01,FO,1697090191
446,turinsk,58.0458,63.696,3.88,67,96,4.02,RU,1697090191
447,karratha,-20.7377,116.8463,35.91,20,33,6.11,AU,1697090192
448,aswan,24.0934,32.907,23.61,40,0,3.6,EG,1697090192
449,oranjemund,-28.55,16.4333,16.17,68,97,3.11,NA,1697090093
450,puerto penasco,31.3167,-113.5333,26.82,61,0,3.48,MX,1697090192
451,airdrie,55.866,-3.9803,6.29,95,23,1.8,GB,1697090192
452,anapa,44.8908,37.3239,9.19,57,0,4.0,RU,1697090193
453,margate,51.3813,1.3862,16.84,95,100,0.89,GB,1697090086
454,acarau,-2.8856,-40.12,26.37,75,59,7.35,BR,1697090193
455,haapsalu,58.9431,23.5414,11.68,76,82,14.08,EE,1697090193
456,inirida,3.8653,-67.9239,22.97,96,22,0.88,CO,1697090194
457,nysa,50.4738,17.3344,17.61,55,100,6.26,PL,1697089777
458,coahuayana de hidalgo,18.7,-103.6583,24.05,93,76,1.49,MX,1697090194
459,susuman,62.7833,148.1667,-12.23,77,84,0.89,RU,1697090093
460,cidreira,-30.1811,-50.2056,16.23,93,100,8.55,BR,1697089927
461,diyarbakir,37.9158,40.2189,19.99,32,0,4.12,TR,1697090194
462,sumenep,-7.0167,113.8667,31.4,53,57,7.4,ID,1697090195
463,san julian,21.0167,-102.1667,13.14,90,75,3.07,MX,1697090195
464,page,36.9147,-111.4558,15.88,34,0,5.36,US,1697090195
465,monywa,22.1167,95.1333,29.77,73,95,3.77,MM,1697090195
466,las praderas,-3.3348,-79.7984,23.11,93,82,0.96,EC,1697090195
467,sabang,5.8933,95.3214,27.85,74,100,3.88,ID,1697090196
468,braganca,-1.0536,-46.7656,23.8,90,1,0.65,BR,1697090196
469,lospalos,-8.5186,127.0025,28.92,51,62,5.1,TL,1697090196
470,chabahar,25.2919,60.643,29.74,64,0,3.08,IR,1697090196
471,vertientes,21.2594,-78.1464,26.34,92,45,2.8,CU,1697090128
472,sao joao da barra,-21.6403,-41.0511,22.23,88,36,8.14,BR,1697090196
473,paragominas,-2.9667,-47.4833,21.67,98,29,0.95,BR,1697090197
474,okhotsk,59.3833,143.3,-0.49,57,100,1.76,RU,1697090026
475,labuan,5.2767,115.2417,32.2,70,20,0.51,MY,1697090197
476,kem',64.9555,34.5793,6.48,73,78,8.53,RU,1697090197
477,newman,37.3138,-121.0208,16.99,57,0,1.34,US,1697090109
478,barra dos coqueiros,-10.9089,-37.0386,23.01,88,75,5.14,BR,1697090197
479,severodvinsk,64.5635,39.8302,8.18,81,100,7.83,RU,1697090198
480,emerald,-23.5333,148.1667,33.88,100,9,3.26,AU,1697090198
481,tamanrasset,22.785,5.5228,20.95,26,40,3.6,DZ,1697090198
482,sovetskiy,61.3614,63.5842,1.05,80,16,2.24,RU,1697090198
483,lebu,-37.6167,-73.65,8.45,82,3,8.64,CL,1697090050
484,kone,-21.0595,164.8658,21.71,79,100,3.42,NC,1697090198
485,acapulco de juarez,16.8634,-99.8901,25.9,89,100,2.06,MX,1697090199
486,isla mujeres,21.2311,-86.731,30.09,85,100,8.43,MX,1697090199
487,point fortin,10.1833,-61.6833,25.5,78,6,4.92,TT,1697090199
488,cape coast,5.1053,-1.2466,24.44,93,56,3.47,GH,1697090199
489,lashio,22.9333,97.75,24.51,88,79,0.58,MM,1697090199
490,ciney,50.2945,5.1002,14.29,88,100,2.46,BE,1697090200
491,markivka,49.5229,39.5705,5.69,42,97,6.94,UA,1697090200
492,padangsidempuan,1.3667,99.2667,27.48,84,89,0.63,ID,1697090193
493,port macquarie,-31.4333,152.9167,24.94,63,2,8.03,AU,1697090129
494,nema,57.5067,50.5011,3.12,65,100,8.64,RU,1697090200
495,yelizovo,53.1873,158.3805,3.78,100,100,7.15,RU,1697090200
496,tokar,18.4254,37.729,32.51,57,48,5.22,SD,1697090085
497,bowen,-20.0167,148.2333,24.52,59,69,8.3,AU,1697090201
498,carnarvon,-24.8667,113.6333,26.76,47,28,8.76,AU,1697090201
499,burutu,5.3509,5.5076,24.63,95,100,1.34,NG,1697089909
500,mount hagen,-5.8581,144.2274,25.42,50,40,7.72,PG,1697090201
501,rio grande,-32.035,-52.0986,10.53,74,100,7.77,BR,1697090036
502,myeik,12.4333,98.6,30.27,68,99,0.63,MM,1697090202
503,gantang,26.92,119.6333,26.64,55,48,0.64,CN,1697090202
504,kujang-up,39.8672,126.0303,20.77,39,7,1.46,KP,1697090202
505,burang,30.25,81.1667,10.86,12,0,1.81,CN,1697090202
506,santo amaro da imperatriz,-27.6881,-48.7786,21.56,84,100,0.87,BR,1697090202
507,terrace,54.5163,-128.6035,9.95,100,75,1.03,CA,1697090203
508,aldama,22.9167,-98.0667,23.61,83,78,1.39,MX,1697090203
509,shanga,11.2106,4.5788,25.24,78,49,1.7,NG,1697090203
510,caleta de carquin,-11.0925,-77.6267,18.32,87,96,4.47,PE,1697090203
511,taro,-8.3862,115.28,28.0,53,16,1.41,ID,1697090203
512,soio,-6.1349,12.3689,24.98,86,100,3.47,AO,1697090203
513,kingston,17.997,-76.7936,29.53,81,20,4.12,JM,1697089924
514,puerto aysen,-45.4,-72.7,1.21,98,68,1.36,CL,1697090204
515,hinton,53.4001,-117.5857,6.95,95,100,1.27,CA,1697090204
516,ibaiti,-23.8486,-50.1878,18.41,91,95,0.52,BR,1697090204
517,port-gentil,-0.7193,8.7815,25.98,89,40,3.6,GA,1697090204
518,selfoss,63.9331,-20.9971,2.8,93,100,4.29,IS,1697090204
519,zykovo,55.9519,93.1461,14.23,56,86,2.68,RU,1697090205
520,antalaha,-14.9003,50.2788,26.43,60,22,2.99,MG,1697090123
521,lisakovsk,52.5369,62.4936,6.2,52,0,6.84,KZ,1697090205
522,papao,-17.75,-149.55,26.82,80,5,8.48,PF,1697090205
523,ciudad lazaro cardenas,17.9583,-102.2,24.49,91,68,1.9,MX,1697089915
524,ouadda,8.0777,22.4007,20.79,94,100,2.3,CF,1697090205
525,vallenar,-28.5708,-70.7581,16.56,39,0,0.68,CL,1697090206
526,guerrero negro,27.9769,-114.0611,19.32,73,18,7.26,MX,1697090153
527,hotan,37.0997,79.9269,22.34,17,0,2.17,CN,1697090206
528,las palmas,28.4204,-14.0131,20.44,88,0,3.6,ES,1697090206
529,uturoa,-16.7333,-151.4333,26.3,80,17,8.37,PF,1697090206
530,smithers,54.7804,-127.1743,5.18,100,75,0.0,CA,1697090207
531,hovd,48.0056,91.6419,14.09,31,7,2.06,MN,1697090207
532,monteforte d'alpone,45.4173,11.2837,17.02,71,6,0.9,IT,1697090207
533,sinop,41.7711,34.8709,10.07,71,15,3.11,TR,1697090207
534,recco,44.3623,9.1435,21.35,88,64,2.04,IT,1697090207
535,oldenzaal,52.3,6.9333,12.74,92,100,0.89,NL,1697090208
536,arraial do cabo,-22.9661,-42.0278,21.92,90,4,11.17,BR,1697090208
537,santo domingo,18.5001,-69.9886,27.8,82,80,0.89,DO,1697090200
538,palasa,18.7667,84.4167,31.37,58,33,1.43,IN,1697090208
539,bamboo flat,11.7,92.7167,30.05,79,40,2.57,IN,1697090208
540,saynshand,44.8824,110.1163,13.89,29,3,1.5,MN,1697090208
541,svobodnyy,51.4,128.1333,17.29,38,14,6.26,RU,1697090209
542,shiguai,40.7058,110.2856,15.37,39,100,2.14,CN,1697090209
543,verkhnevilyuysk,63.4453,120.3167,6.08,54,84,5.81,RU,1697090209
544,aurich,53.4667,7.4833,13.3,91,100,2.06,DE,1697090209
545,mejit,10.2753,170.8646,28.02,74,89,5.47,MH,1697090127
546,merowe,18.4833,31.8167,32.61,23,73,8.01,SD,1697090210
547,vilhena,-12.7406,-60.1458,23.53,64,24,0.63,BR,1697089975
548,priyutnoye,46.1011,43.5072,7.23,51,0,4.18,RU,1697090210
549,lubang,13.8584,120.124,28.86,77,100,5.75,PH,1697090210
550,tateyama,34.9833,139.8667,21.31,60,28,4.5,JP,1697090210
551,waddan,29.1614,16.139,19.97,66,0,2.3,LY,1697090211
552,lionel town,17.8101,-77.2406,29.94,86,67,3.75,JM,1697090211
553,rongelap,11.1635,166.8941,28.44,78,68,6.18,MH,1697090211
554,vif,45.05,5.6667,17.02,49,23,2.2,FR,1697090211
555,namibe,-15.1961,12.1522,19.99,84,93,1.94,AO,1697090063
556,banting,2.8167,101.5,34.2,62,97,2.31,MY,1697090212
557,leer,53.2316,7.461,12.75,98,100,2.2,DE,1697090212
558,prince george,53.9166,-122.753,9.79,88,100,1.03,CA,1697090212
559,dryden,49.7833,-92.7503,6.16,87,40,2.57,CA,1697089979
560,tashtagol,52.7657,87.8894,14.31,62,70,0.54,RU,1697089992
561,joypur hat,25.0943,89.0217,31.68,56,0,1.98,BD,1697090212
562,saint-philippe,-21.3585,55.7679,26.17,61,79,0.83,RE,1697090021
563,la ronge,55.1001,-105.2842,10.14,76,0,4.12,CA,1697090213
564,mangrol,21.1167,70.1167,29.43,65,3,2.31,IN,1697090213
565,labytnangi,66.6572,66.4183,1.58,83,95,1.57,RU,1697090213
566,akot,21.0964,77.0586,32.08,42,46,1.89,IN,1697090213
567,puerto san jose,13.9256,-90.8244,25.75,86,99,1.79,GT,1697090213
568,malaryta,51.7905,24.074,14.86,65,100,8.0,BY,1697090214
569,hammerfest,70.6634,23.6821,-1.75,80,20,3.09,NO,1697090214
570,port augusta,-32.5,137.7667,19.11,41,0,10.05,AU,1697090072
571,jayapura,-2.5333,140.7,33.66,71,72,3.41,ID,1697090214
572,tangalle,6.024,80.7911,28.09,78,98,5.45,LK,1697090214
573,shingu,33.7333,135.9833,21.93,66,15,3.44,JP,1697090215
574,nova vicosa,-17.8919,-39.3719,21.95,84,8,3.2,BR,1697090215
575,antsiranana,-12.2787,49.2917,28.42,47,20,6.17,MG,1697090215
